{"cameraMode":{"drawMode":0,"name":"Shaded","section":"Shading Mode"},"sceneLighting":true,"audioPlay":false,"sceneViewState":{"showFog":true,"showMaterialUpdate":true,"showSkybox":true,"showFlares":true,"showImageEffects":true,"showParticleSystems":true},"in2DMode":false,"pivot":{"x":1.8005304336547852,"y":3.1701059341430666,"z":-3.1240015029907228},"rotation":{"x":-0.04331168904900551,"y":0.9444060921669006,"z":-0.1386878341436386,"w":-0.29493436217308047},"size":10.0,"orthographic":false}