{"cameraMode":{"drawMode":0,"name":"Shaded","section":"Shading Mode"},"sceneLighting":true,"audioPlay":false,"sceneViewState":{"showFog":true,"showMaterialUpdate":true,"showSkybox":true,"showFlares":true,"showImageEffects":true,"showParticleSystems":true},"in2DMode":false,"pivot":{"x":7.193012714385986,"y":0.5,"z":-4.656612873077393e-10},"rotation":{"x":-0.10877358168363571,"y":0.1210600882768631,"z":-0.013346798717975617,"w":-0.9865790605545044},"size":6.213970184326172,"orthographic":false}