{"cameraMode":{"drawMode":0,"name":"Shaded","section":"Shading Mode"},"sceneLighting":true,"audioPlay":false,"sceneViewState":{"showFog":true,"showMaterialUpdate":true,"showSkybox":true,"showFlares":true,"showImageEffects":true,"showParticleSystems":true},"in2DMode":false,"pivot":{"x":-3.5222480297088625,"y":-0.2741992771625519,"z":4.767503261566162},"rotation":{"x":0.09346070885658264,"y":-0.2783915400505066,"z":0.027228951454162599,"w":0.9555303454399109},"size":3.8721461296081545,"orthographic":false}