{"cameraMode":{"drawMode":0,"name":"Shaded","section":"Shading Mode"},"sceneLighting":true,"audioPlay":false,"sceneViewState":{"showFog":true,"showMaterialUpdate":true,"showSkybox":true,"showFlares":true,"showImageEffects":true,"showParticleSystems":true},"in2DMode":false,"pivot":{"x":0.7636371850967407,"y":-2.1903560161590578,"z":-14.36003589630127},"rotation":{"x":-0.005794409662485123,"y":-0.9903523325920105,"z":0.13148996233940125,"w":-0.04370235651731491},"size":10.0,"orthographic":false}