{"cameraMode":{"drawMode":0,"name":"Shaded","section":"Shading Mode"},"sceneLighting":true,"audioPlay":false,"sceneViewState":{"showFog":true,"showMaterialUpdate":true,"showSkybox":true,"showFlares":true,"showImageEffects":true,"showParticleSystems":true},"in2DMode":false,"pivot":{"x":-11.982048034667969,"y":-0.4340696334838867,"z":8.257732391357422},"rotation":{"x":0.04547596722841263,"y":-0.45131582021713259,"z":0.02303703874349594,"w":0.8909075260162354},"size":10.0,"orthographic":false}