{"cameraMode":{"drawMode":0,"name":"Shaded","section":"Shading Mode"},"sceneLighting":true,"audioPlay":false,"sceneViewState":{"showFog":true,"showMaterialUpdate":true,"showSkybox":true,"showFlares":true,"showImageEffects":true,"showParticleSystems":true},"in2DMode":false,"pivot":{"x":3.6337058544158937,"y":1.6249245405197144,"z":-1.3554691076278687},"rotation":{"x":-0.19342002272605897,"y":-0.08025649189949036,"z":0.015877747908234597,"w":-0.9777006506919861},"size":6.213970184326172,"orthographic":false}