{"cameraMode":{"drawMode":0,"name":"Shaded","section":"Shading Mode"},"sceneLighting":true,"audioPlay":false,"sceneViewState":{"showFog":true,"showMaterialUpdate":true,"showSkybox":true,"showFlares":true,"showImageEffects":true,"showParticleSystems":true},"in2DMode":false,"pivot":{"x":-0.39605650305747988,"y":-0.562415361404419,"z":3.503396987915039},"rotation":{"x":-0.15033946931362153,"y":0.08678820729255676,"z":-0.013267400674521923,"w":-0.9847491979598999},"size":3.8721461296081545,"orthographic":false}