{"cameraMode":{"drawMode":0,"name":"Shaded","section":"Shading Mode"},"sceneLighting":true,"audioPlay":false,"sceneViewState":{"showFog":true,"showMaterialUpdate":true,"showSkybox":true,"showFlares":true,"showImageEffects":true,"showParticleSystems":true},"in2DMode":false,"pivot":{"x":-5.925631523132324,"y":-1.4607932567596436,"z":0.20336675643920899},"rotation":{"x":0.0577041357755661,"y":-0.8786191344261169,"z":0.10995787382125855,"w":0.46110618114471438},"size":7.071067810058594,"orthographic":false}