{"cameraMode":{"drawMode":0,"name":"Shaded","section":"Shading Mode"},"sceneLighting":true,"audioPlay":false,"sceneViewState":{"showFog":true,"showMaterialUpdate":true,"showSkybox":true,"showFlares":true,"showImageEffects":true,"showParticleSystems":true},"in2DMode":false,"pivot":{"x":-0.833634614944458,"y":2.1155834197998049,"z":2.749173879623413},"rotation":{"x":0.20503634214401246,"y":-0.284452885389328,"z":0.06241826340556145,"w":0.9344391226768494},"size":3.8721461296081545,"orthographic":false}