{"cameraMode":{"drawMode":0,"name":"Shaded","section":"Shading Mode"},"sceneLighting":true,"audioPlay":false,"sceneViewState":{"showFog":true,"showMaterialUpdate":true,"showSkybox":true,"showFlares":true,"showImageEffects":true,"showParticleSystems":true},"in2DMode":false,"pivot":{"x":6.201009273529053,"y":-1.7002387046813965,"z":0.045915424823760989},"rotation":{"x":-0.17708024382591248,"y":0.0919700488448143,"z":-0.016622204333543779,"w":-0.9797502756118774},"size":6.213970184326172,"orthographic":false}