{"cameraMode":{"drawMode":0,"name":"Shaded","section":"Shading Mode"},"sceneLighting":true,"audioPlay":false,"sceneViewState":{"showFog":true,"showMaterialUpdate":true,"showSkybox":true,"showFlares":true,"showImageEffects":true,"showParticleSystems":true},"in2DMode":false,"pivot":{"x":-6.339580535888672,"y":-0.7467324137687683,"z":0.5333603620529175},"rotation":{"x":0.047496482729911807,"y":-0.8726713061332703,"z":0.08667880296707154,"w":0.47821229696273806},"size":7.071067810058594,"orthographic":false}