{"cameraMode":{"drawMode":0,"name":"Shaded","section":"Shading Mode"},"sceneLighting":true,"audioPlay":false,"sceneViewState":{"showFog":true,"showMaterialUpdate":true,"showSkybox":true,"showFlares":true,"showImageEffects":true,"showParticleSystems":true},"in2DMode":false,"pivot":{"x":1.5590713024139405,"y":-4.049010276794434,"z":-13.375707626342774},"rotation":{"x":0.0018244949169456959,"y":-0.9829950332641602,"z":0.1834472417831421,"w":0.009732047095894814},"size":10.0,"orthographic":false}