{"cameraMode":{"drawMode":0,"name":"Shaded","section":"Shading Mode"},"sceneLighting":true,"audioPlay":false,"sceneViewState":{"showFog":true,"showMaterialUpdate":true,"showSkybox":true,"showFlares":true,"showImageEffects":true,"showParticleSystems":true},"in2DMode":false,"pivot":{"x":-1.9982807636260987,"y":-8.99681282043457,"z":10.061358451843262},"rotation":{"x":0.3663446605205536,"y":-0.0788564682006836,"z":0.03117728792130947,"w":0.9266102910041809},"size":9.959540367126465,"orthographic":false}