{"cameraMode":{"drawMode":0,"name":"Shaded","section":"Shading Mode"},"sceneLighting":true,"audioPlay":false,"sceneViewState":{"showFog":true,"showMaterialUpdate":true,"showSkybox":true,"showFlares":true,"showImageEffects":true,"showParticleSystems":true},"in2DMode":false,"pivot":{"x":4.264267921447754,"y":0.8591791391372681,"z":2.507350444793701},"rotation":{"x":0.13515020906925202,"y":-0.3582583963871002,"z":0.05249907821416855,"w":0.9223082661628723},"size":3.272146224975586,"orthographic":false}