{"cameraMode":{"drawMode":0,"name":"Shaded","section":"Shading Mode"},"sceneLighting":true,"audioPlay":false,"sceneViewState":{"showFog":true,"showMaterialUpdate":true,"showSkybox":true,"showFlares":true,"showImageEffects":true,"showParticleSystems":true},"in2DMode":false,"pivot":{"x":3.854975700378418,"y":0.6124310493469238,"z":1.9786367416381837},"rotation":{"x":0.14977610111236573,"y":-0.4049255847930908,"z":0.0674276277422905,"w":0.8994874954223633},"size":3.272146224975586,"orthographic":false}