{"cameraMode":{"drawMode":0,"name":"Shaded","section":"Shading Mode"},"sceneLighting":true,"audioPlay":false,"sceneViewState":{"showFog":true,"showMaterialUpdate":true,"showSkybox":true,"showFlares":true,"showImageEffects":true,"showParticleSystems":true},"in2DMode":false,"pivot":{"x":34.613243103027347,"y":11.134353637695313,"z":14.52270221710205},"rotation":{"x":-0.06781577318906784,"y":0.5705776810646057,"z":-0.04735888913273811,"w":-0.817072868347168},"size":6.213970184326172,"orthographic":false}